,meter_id,month,reading
0,505MLODWXA.T,1,56220.222
1,505MLODWXA.T,2,50932.391999999985
2,505MLODWXA.T,3,54576.68600000004
3,505MLODWXA.T,4,53767.0259099999
4,505MLODWXA.T,5,59696.6277
5,505MLODWXA.T,6,64140.26228999987
6,505MLODWXA.T,7,73046.8477999999
7,505MLODWXA.T,8,67156.17779000006
8,505MLODWXA.T,9,63467.03219000002
9,505MLODWXA.T,10,58771.71884000005
10,505MLODWXA.T,11,52851.63589999993
11,505MLODWXA.T,12,55364.056849999935
