,meter_id,month,reading
0,6319MLODWXA.T,1,27243.81999999996
1,6319MLODWXA.T,2,24459.49200000001
2,6319MLODWXA.T,3,26101.296999999977
3,6319MLODWXA.T,4,25648.378600000044
4,6319MLODWXA.T,5,25972.66804999997
5,6319MLODWXA.T,6,30492.520630000028
6,6319MLODWXA.T,7,34973.06037000004
7,6319MLODWXA.T,8,31167.90451000002
8,6319MLODWXA.T,9,27949.150560000002
9,6319MLODWXA.T,10,26550.848369999996
10,6319MLODWXA.T,11,20226.222730000012
11,6319MLODWXA.T,12,21672.253090000017
