,meter_id,month,reading
0,7524MLODWXA.T,1,0.0
1,7524MLODWXA.T,2,0.0
2,7524MLODWXA.T,3,0.0
3,7524MLODWXA.T,4,0.0
4,7524MLODWXA.T,5,0.0
5,7524MLODWXA.T,6,0.0
6,7524MLODWXA.T,7,0.0
7,7524MLODWXA.T,8,0.0
8,7524MLODWXA.T,9,0.0
9,7524MLODWXA.T,10,48517.403520000014
10,7524MLODWXA.T,11,96768.04507000005
11,7524MLODWXA.T,12,96988.95387999999
