,meter_id,month,reading
0,AA7MLODWXA.T,1,86382.65
1,AA7MLODWXA.T,2,78953.7855000001
2,AA7MLODWXA.T,3,83407.66600000004
3,AA7MLODWXA.T,4,77720.40756999998
4,AA7MLODWXA.T,5,85169.43484000005
5,AA7MLODWXA.T,6,102140.96083999991
6,AA7MLODWXA.T,7,128725.75965
7,AA7MLODWXA.T,8,108209.36269000001
8,AA7MLODWXA.T,9,93208.27087000004
9,AA7MLODWXA.T,10,87037.20131999992
10,AA7MLODWXA.T,11,81602.98112999999
11,AA7MLODWXA.T,12,81038.75567999997
