,meter_id,month,reading
0,BV13BLODWXA.T,1,84379.81200000002
1,BV13BLODWXA.T,2,76535.20400000001
2,BV13BLODWXA.T,3,81134.5400000001
3,BV13BLODWXA.T,4,73159.09648999998
4,BV13BLODWXA.T,5,76807.51178000002
5,BV13BLODWXA.T,6,89920.89642999996
6,BV13BLODWXA.T,7,113727.01990999997
7,BV13BLODWXA.T,8,95512.89809000003
8,BV13BLODWXA.T,9,82493.34801000007
9,BV13BLODWXA.T,10,77377.61240000004
10,BV13BLODWXA.T,11,76562.38910999997
11,BV13BLODWXA.T,12,84002.77896000001
