,meter_id,month,reading
0,BV15BLODWXA.T,1,80744.26400000004
1,BV15BLODWXA.T,2,73588.335
2,BV15BLODWXA.T,3,76634.22900000002
3,BV15BLODWXA.T,4,68658.27644999987
4,BV15BLODWXA.T,5,71726.66978000004
5,BV15BLODWXA.T,6,84873.78305999999
6,BV15BLODWXA.T,7,109685.29621999995
7,BV15BLODWXA.T,8,91418.68455999997
8,BV15BLODWXA.T,9,77325.00021999999
9,BV15BLODWXA.T,10,72326.63016000007
10,BV15BLODWXA.T,11,72571.07336000001
11,BV15BLODWXA.T,12,80613.00916000003
