,meter_id,month,reading
0,BV29BLODWXA.T,1,118982.42499999996
1,BV29BLODWXA.T,2,109715.07399999992
2,BV29BLODWXA.T,3,114716.36900000012
3,BV29BLODWXA.T,4,102608.80960000004
4,BV29BLODWXA.T,5,107444.36939999997
5,BV29BLODWXA.T,6,128997.72930000017
6,BV29BLODWXA.T,7,171819.49499999968
7,BV29BLODWXA.T,8,140837.76210000005
8,BV29BLODWXA.T,9,118292.13900000004
9,BV29BLODWXA.T,10,109735.5711999999
10,BV29BLODWXA.T,11,108510.44089999999
11,BV29BLODWXA.T,12,120644.04200000003
