,meter_id,month,reading
0,JA5QLODWXA.T,1,185978.42399999974
1,JA5QLODWXA.T,2,169408.71299999987
2,JA5QLODWXA.T,3,179301.46599999993
3,JA5QLODWXA.T,4,161749.71189999973
4,JA5QLODWXA.T,5,165562.7257
5,JA5QLODWXA.T,6,186770.88600000012
6,JA5QLODWXA.T,7,240108.6587999998
7,JA5QLODWXA.T,8,203576.90930000006
8,JA5QLODWXA.T,9,175520.8166999999
9,JA5QLODWXA.T,10,167937.9559000001
10,JA5QLODWXA.T,11,168751.3848999999
11,JA5QLODWXA.T,12,186002.85949999993
