,meter_id,month,reading
0,LE234MLODWXA.T,1,77.66499999999976
1,LE234MLODWXA.T,2,72.9979999999997
2,LE234MLODWXA.T,3,79.64899999999984
3,LE234MLODWXA.T,4,16068.608259999997
4,LE234MLODWXA.T,5,32511.61210000003
5,LE234MLODWXA.T,6,36125.34844999998
6,LE234MLODWXA.T,7,42273.243370000026
7,LE234MLODWXA.T,8,38297.44183999999
8,LE234MLODWXA.T,9,34228.37976000001
9,LE234MLODWXA.T,10,32875.037460000014
10,LE234MLODWXA.T,11,30159.757069999985
11,LE234MLODWXA.T,12,31832.328980000006
