,meter_id,month,reading
0,MW7WLODWXA.T,1,27115.27300000002
1,MW7WLODWXA.T,2,23599.694000000036
2,MW7WLODWXA.T,3,24321.178000000018
3,MW7WLODWXA.T,4,21460.492429999984
4,MW7WLODWXA.T,5,25434.438600000005
5,MW7WLODWXA.T,6,30106.828579999976
6,MW7WLODWXA.T,7,37616.34931999999
7,MW7WLODWXA.T,8,29558.236879999968
8,MW7WLODWXA.T,9,25965.132260000006
9,MW7WLODWXA.T,10,24250.98426000001
10,MW7WLODWXA.T,11,23949.054599999985
11,MW7WLODWXA.T,12,26507.03238999999
