,meter_id,month,reading
0,WA1W9WLODWXA.T,1,73498.38599999998
1,WA1W9WLODWXA.T,2,65954.908
2,WA1W9WLODWXA.T,3,68860.45300000004
3,WA1W9WLODWXA.T,4,60966.48294000002
4,WA1W9WLODWXA.T,5,64248.382839999926
5,WA1W9WLODWXA.T,6,77903.1485800001
6,WA1W9WLODWXA.T,7,101266.21558000002
7,WA1W9WLODWXA.T,8,79970.81815000002
8,WA1W9WLODWXA.T,9,67738.79673999999
9,WA1W9WLODWXA.T,10,65518.73289999999
10,WA1W9WLODWXA.T,11,65566.74173999995
11,WA1W9WLODWXA.T,12,72653.98907
