,meter_id,month,reading
0,WB4RLODWXA.T,1,19434.526999999995
1,WB4RLODWXA.T,2,17149.013999999996
2,WB4RLODWXA.T,3,18028.214999999997
3,WB4RLODWXA.T,4,15532.369099999973
4,WB4RLODWXA.T,5,18195.680240000012
5,WB4RLODWXA.T,6,25042.492260000006
6,WB4RLODWXA.T,7,34700.41340000003
7,WB4RLODWXA.T,8,24834.147060000018
8,WB4RLODWXA.T,9,20209.69147999998
9,WB4RLODWXA.T,10,17171.60222000001
10,WB4RLODWXA.T,11,16517.01186
11,WB4RLODWXA.T,12,18880.37329
