,meter_id,month,reading
0,WR5RLODWXA.T,1,24556.22200000002
1,WR5RLODWXA.T,2,21886.290000000023
2,WR5RLODWXA.T,3,22766.103999999992
3,WR5RLODWXA.T,4,20079.70217999997
4,WR5RLODWXA.T,5,24415.025370000025
5,WR5RLODWXA.T,6,35271.87098999999
6,WR5RLODWXA.T,7,48106.43979000001
7,WR5RLODWXA.T,8,36075.06581000001
8,WR5RLODWXA.T,9,27797.23784
9,WR5RLODWXA.T,10,22633.558129999998
10,WR5RLODWXA.T,11,21830.039540000012
11,WR5RLODWXA.T,12,25849.580910000004
