,meter_id,month,reading
0,WT6BLODWXA.T,1,95371.10800000001
1,WT6BLODWXA.T,2,87629.17199999993
2,WT6BLODWXA.T,3,90669.27800000002
3,WT6BLODWXA.T,4,81672.97792000003
4,WT6BLODWXA.T,5,89391.40171999998
5,WT6BLODWXA.T,6,107943.83697999989
6,WT6BLODWXA.T,7,134864.80571999997
7,WT6BLODWXA.T,8,114067.47081000006
8,WT6BLODWXA.T,9,99872.71211999985
9,WT6BLODWXA.T,10,90609.30214999997
10,WT6BLODWXA.T,11,87688.63911999998
11,WT6BLODWXA.T,12,95532.64536000004
