,meter_id,month,reading
0,WW3RLODWXA.T,1,16704.982000000004
1,WW3RLODWXA.T,2,15132.338
2,WW3RLODWXA.T,3,15766.307000000006
3,WW3RLODWXA.T,4,13892.97851000001
4,WW3RLODWXA.T,5,17153.314039999997
5,WW3RLODWXA.T,6,25424.864309999994
6,WW3RLODWXA.T,7,36046.160369999976
7,WW3RLODWXA.T,8,26408.495710000032
8,WW3RLODWXA.T,9,19593.012660000004
9,WW3RLODWXA.T,10,16107.411880000007
10,WW3RLODWXA.T,11,15787.037699999993
11,WW3RLODWXA.T,12,18679.11273999997
